Họ tên,Số điện thoại,Email,Nhu cầu
Thử 001,0900000001,thu001@example.com,Học thử nhập file
Thử 002,0900000002,thu002@example.com,Học thử nhập file
Thử 003,0900000003,thu003@example.com,Học thử nhập file
Thử 004,0900000004,thu004@example.com,Học thử nhập file
Thử 005,0900000005,thu005@example.com,Học thử nhập file
Thử 006,0900000006,thu006@example.com,Học thử nhập file
Thử 007,0900000007,thu007@example.com,Học thử nhập file
Thử 008,0900000008,thu008@example.com,Học thử nhập file
Thử 009,0900000009,thu009@example.com,Học thử nhập file
Thử 010,0900000010,thu010@example.com,Học thử nhập file
Thử 011,0900000011,thu011@example.com,Học thử nhập file
Thử 012,0900000012,thu012@example.com,Học thử nhập file
Thử 013,0900000013,thu013@example.com,Học thử nhập file
Thử 014,0900000014,thu014@example.com,Học thử nhập file
Thử 015,0900000015,thu015@example.com,Học thử nhập file
Thử 016,0900000016,thu016@example.com,Học thử nhập file
Thử 017,0900000017,thu017@example.com,Học thử nhập file
Thử 018,0900000018,thu018@example.com,Học thử nhập file
Thử 019,0900000019,thu019@example.com,Học thử nhập file
Thử 020,0900000020,thu020@example.com,Học thử nhập file
Thử 021,0900000021,thu021@example.com,Học thử nhập file
Thử 022,0900000022,thu022@example.com,Học thử nhập file
Thử 023,0900000023,thu023@example.com,Học thử nhập file
Thử 024,0900000024,thu024@example.com,Học thử nhập file
Thử 025,0900000025,thu025@example.com,Học thử nhập file
Thử 026,0900000026,thu026@example.com,Học thử nhập file
Thử 027,0900000027,thu027@example.com,Học thử nhập file
Thử 028,0900000028,thu028@example.com,Học thử nhập file
Thử 029,0900000029,thu029@example.com,Học thử nhập file
Thử 030,0900000030,thu030@example.com,Học thử nhập file
Thử 031,0900000031,thu031@example.com,Học thử nhập file
Thử 032,0900000032,thu032@example.com,Học thử nhập file
Thử 033,0900000033,thu033@example.com,Học thử nhập file
Thử 034,0900000034,thu034@example.com,Học thử nhập file
Thử 035,0900000035,thu035@example.com,Học thử nhập file
Thử 036,0900000036,thu036@example.com,Học thử nhập file
Thử 037,0900000037,thu037@example.com,Học thử nhập file
Thử 038,0900000038,thu038@example.com,Học thử nhập file
Thử 039,0900000039,thu039@example.com,Học thử nhập file
Thử 040,0900000040,thu040@example.com,Học thử nhập file
Thử 041,0900000041,thu041@example.com,Học thử nhập file
Thử 042,0900000042,thu042@example.com,Học thử nhập file
Thử 043,0900000043,thu043@example.com,Học thử nhập file
Thử 044,0900000044,thu044@example.com,Học thử nhập file
Thử 045,0900000045,thu045@example.com,Học thử nhập file
Thử 046,0900000046,thu046@example.com,Học thử nhập file
Thử 047,0900000047,thu047@example.com,Học thử nhập file
Thử 048,0900000048,thu048@example.com,Học thử nhập file
Thử 049,0900000049,thu049@example.com,Học thử nhập file
Thử 050,0900000050,thu050@example.com,Học thử nhập file
Thử 051,0900000051,thu051@example.com,Học thử nhập file
Thử 052,0900000052,thu052@example.com,Học thử nhập file
Thử 053,0900000053,thu053@example.com,Học thử nhập file
Thử 054,0900000054,thu054@example.com,Học thử nhập file
Thử 055,0900000055,thu055@example.com,Học thử nhập file
Thử 056,0900000056,thu056@example.com,Học thử nhập file
Thử 057,0900000057,thu057@example.com,Học thử nhập file
Thử 058,0900000058,thu058@example.com,Học thử nhập file
Thử 059,0900000059,thu059@example.com,Học thử nhập file
Thử 060,0900000060,thu060@example.com,Học thử nhập file
Thử 061,0900000061,thu061@example.com,Học thử nhập file
Thử 062,0900000062,thu062@example.com,Học thử nhập file
Thử 063,0900000063,thu063@example.com,Học thử nhập file
Thử 064,0900000064,thu064@example.com,Học thử nhập file
Thử 065,0900000065,thu065@example.com,Học thử nhập file
Thử 066,0900000066,thu066@example.com,Học thử nhập file
Thử 067,0900000067,thu067@example.com,Học thử nhập file
Thử 068,0900000068,thu068@example.com,Học thử nhập file
Thử 069,0900000069,thu069@example.com,Học thử nhập file
Thử 070,0900000070,thu070@example.com,Học thử nhập file
Thử 071,0900000071,thu071@example.com,Học thử nhập file
Thử 072,0900000072,thu072@example.com,Học thử nhập file
Thử 073,0900000073,thu073@example.com,Học thử nhập file
Thử 074,0900000074,thu074@example.com,Học thử nhập file
Thử 075,0900000075,thu075@example.com,Học thử nhập file
Thử 076,0900000076,thu076@example.com,Học thử nhập file
Thử 077,0900000077,thu077@example.com,Học thử nhập file
Thử 078,0900000078,thu078@example.com,Học thử nhập file
Thử 079,0900000079,thu079@example.com,Học thử nhập file
Thử 080,0900000080,thu080@example.com,Học thử nhập file
Thử 081,0900000081,thu081@example.com,Học thử nhập file
Thử 082,0900000082,thu082@example.com,Học thử nhập file
Thử 083,0900000083,thu083@example.com,Học thử nhập file
Thử 084,0900000084,thu084@example.com,Học thử nhập file
Thử 085,0900000085,thu085@example.com,Học thử nhập file
Thử 086,0900000086,thu086@example.com,Học thử nhập file
Thử 087,0900000087,thu087@example.com,Học thử nhập file
Thử 088,0900000088,thu088@example.com,Học thử nhập file
Thử 089,0900000089,thu089@example.com,Học thử nhập file
Thử 090,0900000090,thu090@example.com,Học thử nhập file
Thử 091,0900000091,thu091@example.com,Học thử nhập file
Thử 092,0900000092,thu092@example.com,Học thử nhập file
Thử 093,0900000093,thu093@example.com,Học thử nhập file
Thử 094,0900000094,thu094@example.com,Học thử nhập file
Thử 095,0900000095,thu095@example.com,Học thử nhập file
Thử 096,0900000096,thu096@example.com,Học thử nhập file
Thử 097,0900000097,thu097@example.com,Học thử nhập file
Thử 098,0900000098,thu098@example.com,Học thử nhập file
Thử 099,0900000099,thu099@example.com,Học thử nhập file
Thử 100,0900000100,thu100@example.com,Học thử nhập file
Thử 101,0900000101,thu101@example.com,Học thử nhập file
Thử 102,0900000102,thu102@example.com,Học thử nhập file
Thử 103,0900000103,thu103@example.com,Học thử nhập file
Thử 104,0900000104,thu104@example.com,Học thử nhập file
Thử 105,0900000105,thu105@example.com,Học thử nhập file
Thử 106,0900000106,thu106@example.com,Học thử nhập file
Thử 107,0900000107,thu107@example.com,Học thử nhập file
Thử 108,0900000108,thu108@example.com,Học thử nhập file
Thử 109,0900000109,thu109@example.com,Học thử nhập file
Thử 110,0900000110,thu110@example.com,Học thử nhập file
Thử 111,0900000111,thu111@example.com,Học thử nhập file
Thử 112,0900000112,thu112@example.com,Học thử nhập file
Thử 113,0900000113,thu113@example.com,Học thử nhập file
Thử 114,0900000114,thu114@example.com,Học thử nhập file
Thử 115,0900000115,thu115@example.com,Học thử nhập file
Thử 116,0900000116,thu116@example.com,Học thử nhập file
Thử 117,0900000117,thu117@example.com,Học thử nhập file
Thử 118,0900000118,thu118@example.com,Học thử nhập file
Thử 119,0900000119,thu119@example.com,Học thử nhập file
Thử 120,0900000120,thu120@example.com,Học thử nhập file
Thử 121,0900000121,thu121@example.com,Học thử nhập file
Thử 122,0900000122,thu122@example.com,Học thử nhập file
Thử 123,0900000123,thu123@example.com,Học thử nhập file
Thử 124,0900000124,thu124@example.com,Học thử nhập file
Thử 125,0900000125,thu125@example.com,Học thử nhập file
Thử 126,0900000126,thu126@example.com,Học thử nhập file
Thử 127,0900000127,thu127@example.com,Học thử nhập file
Thử 128,0900000128,thu128@example.com,Học thử nhập file
Thử 129,0900000129,thu129@example.com,Học thử nhập file
Thử 130,0900000130,thu130@example.com,Học thử nhập file
Thử 131,0900000131,thu131@example.com,Học thử nhập file
Thử 132,0900000132,thu132@example.com,Học thử nhập file
Thử 133,0900000133,thu133@example.com,Học thử nhập file
Thử 134,0900000134,thu134@example.com,Học thử nhập file
Thử 135,0900000135,thu135@example.com,Học thử nhập file
Thử 136,0900000136,thu136@example.com,Học thử nhập file
Thử 137,0900000137,thu137@example.com,Học thử nhập file
Thử 138,0900000138,thu138@example.com,Học thử nhập file
Thử 139,0900000139,thu139@example.com,Học thử nhập file
Thử 140,0900000140,thu140@example.com,Học thử nhập file
Thử 141,0900000141,thu141@example.com,Học thử nhập file
Thử 142,0900000142,thu142@example.com,Học thử nhập file
Thử 143,0900000143,thu143@example.com,Học thử nhập file
Thử 144,0900000144,thu144@example.com,Học thử nhập file
Thử 145,0900000145,thu145@example.com,Học thử nhập file
Thử 146,0900000146,thu146@example.com,Học thử nhập file
Thử 147,0900000147,thu147@example.com,Học thử nhập file
Thử 148,0900000148,thu148@example.com,Học thử nhập file
Thử 149,0900000149,thu149@example.com,Học thử nhập file
Thử 150,0900000150,thu150@example.com,Học thử nhập file
Thử 151,0900000151,thu151@example.com,Học thử nhập file
Thử 152,0900000152,thu152@example.com,Học thử nhập file
Thử 153,0900000153,thu153@example.com,Học thử nhập file
Thử 154,0900000154,thu154@example.com,Học thử nhập file
Thử 155,0900000155,thu155@example.com,Học thử nhập file
Thử 156,0900000156,thu156@example.com,Học thử nhập file
Thử 157,0900000157,thu157@example.com,Học thử nhập file
Thử 158,0900000158,thu158@example.com,Học thử nhập file
Thử 159,0900000159,thu159@example.com,Học thử nhập file
Thử 160,0900000160,thu160@example.com,Học thử nhập file
Thử 161,0900000161,thu161@example.com,Học thử nhập file
Thử 162,0900000162,thu162@example.com,Học thử nhập file
Thử 163,0900000163,thu163@example.com,Học thử nhập file
Thử 164,0900000164,thu164@example.com,Học thử nhập file
Thử 165,0900000165,thu165@example.com,Học thử nhập file
Thử 166,0900000166,thu166@example.com,Học thử nhập file
Thử 167,0900000167,thu167@example.com,Học thử nhập file
Thử 168,0900000168,thu168@example.com,Học thử nhập file
Thử 169,0900000169,thu169@example.com,Học thử nhập file
Thử 170,0900000170,thu170@example.com,Học thử nhập file
Thử 171,0900000171,thu171@example.com,Học thử nhập file
Thử 172,0900000172,thu172@example.com,Học thử nhập file
Thử 173,0900000173,thu173@example.com,Học thử nhập file
Thử 174,0900000174,thu174@example.com,Học thử nhập file
Thử 175,0900000175,thu175@example.com,Học thử nhập file
Thử 176,0900000176,thu176@example.com,Học thử nhập file
Thử 177,0900000177,thu177@example.com,Học thử nhập file
Thử 178,0900000178,thu178@example.com,Học thử nhập file
Thử 179,0900000179,thu179@example.com,Học thử nhập file
Thử 180,0900000180,thu180@example.com,Học thử nhập file
Thử 181,0900000181,thu181@example.com,Học thử nhập file
Thử 182,0900000182,thu182@example.com,Học thử nhập file
Thử 183,0900000183,thu183@example.com,Học thử nhập file
Thử 184,0900000184,thu184@example.com,Học thử nhập file
Thử 185,0900000185,thu185@example.com,Học thử nhập file
Thử 186,0900000186,thu186@example.com,Học thử nhập file
Thử 187,0900000187,thu187@example.com,Học thử nhập file
Thử 188,0900000188,thu188@example.com,Học thử nhập file
Thử 189,0900000189,thu189@example.com,Học thử nhập file
Thử 190,0900000190,thu190@example.com,Học thử nhập file
Thử 191,0900000191,thu191@example.com,Học thử nhập file
Thử 192,0900000192,thu192@example.com,Học thử nhập file
Thử 193,0900000193,thu193@example.com,Học thử nhập file
Thử 194,0900000194,thu194@example.com,Học thử nhập file
Thử 195,0900000195,thu195@example.com,Học thử nhập file
Thử 196,0900000196,thu196@example.com,Học thử nhập file
Thử 197,0900000197,thu197@example.com,Học thử nhập file
Thử 198,0900000198,thu198@example.com,Học thử nhập file
Thử 199,0900000199,thu199@example.com,Học thử nhập file
Thử 200,0900000200,thu200@example.com,Học thử nhập file
